{
  "config": {
    "rows": 8,
    "cols": 10,
    "n_input": 8,
    "out_pos_row": 3,
    "out_neg_row": 4,
    "n_train": 500,
    "n_test": 200,
    "noise": 0.05,
    "n_epochs": 80,
    "batch_size": 32,
    "n_seeds": 12,
    "lr": 5.0,
    "eta": 0.005,
    "lambdas": [
      20,
      30,
      50,
      100,
      200,
      500,
      1000
    ],
    "thresh_tau": 0.005
  },
  "records": {
    "vanilla": {
      "A": [
        0.8492977996280735,
        1.4195706895804878,
        1.4899972565780857,
        2.226381319293474,
        0.9175221804039504,
        1.3891260340136895,
        1.7283307708521785,
        1.0281488215310934,
        1.255834387281929,
        1.0949097871806328,
        1.6147061809079717,
        0.9745603192503981
      ],
      "B": [
        0.7751948769924133,
        0.2997933108979151,
        0.23454051497563722,
        0.05419298853834475,
        1.069672424404733,
        0.11909158325678713,
        0.47205440732490844,
        0.9164754347032426,
        0.8364329887186986,
        1.0686530670800736,
        1.1300256814101046,
        0.5658378508245636
      ]
    },
    "thresh": {
      "A": [
        0.821220766213928,
        0.7956764278067245,
        1.3297866262435423,
        1.6311249744822924,
        0.9528147081208905,
        1.2995965947460149,
        0.9278440113091625,
        1.0427162107207075,
        1.1493983996550066,
        1.1050429183075636,
        1.0369595573387982,
        1.2317177201924432
      ],
      "B": [
        0.5896466649537032,
        0.9075468087033768,
        0.3361059785996245,
        0.22275748575788407,
        1.1052489092404554,
        0.5264727305928132,
        1.013664453757672,
        0.9367455430503798,
        1.0537350995859345,
        1.0791069120449746,
        1.2845064116368115,
        0.9660308189235102
      ]
    },
    "imp_gated": {
      "lam=20": {
        "A": [
          0.8500469188745956,
          1.1473534118441453,
          1.2199463516483002,
          1.8794432977637887,
          1.0366703447791152,
          1.2723431916796715,
          1.5395208416891322,
          0.9974460669710093,
          1.1964586653436344,
          1.1063838724470807,
          1.4918538116111966,
          0.8941522160250472
        ],
        "B": [
          0.5284719912709397,
          0.34132722828557616,
          0.5356538316150913,
          0.08693914895379777,
          0.8136941968135939,
          0.1373896125474563,
          0.5144525033084217,
          0.7433315578221225,
          0.9031742676516065,
          1.0214182339535482,
          1.138115331973215,
          0.5522036961102744
        ]
      },
      "lam=30": {
        "A": [
          0.8146103780863798,
          1.1075961781374948,
          1.2634478369305122,
          1.8642460754226258,
          1.084233423101736,
          1.2546606307446946,
          1.5140846241008823,
          0.990556806632749,
          1.1687500152497654,
          1.1008968278885372,
          1.5491312554612782,
          0.8827543855121323
        ],
        "B": [
          0.5368073010203465,
          0.3473671813553635,
          0.5100743282280856,
          0.0921596622975618,
          0.8187058645786791,
          0.1413383393516606,
          0.5206587076414912,
          0.7191127377671895,
          0.9609134074818482,
          1.0325034610103858,
          1.1347332059828579,
          0.5521688435033176
        ]
      },
      "lam=50": {
        "A": [
          0.8397065079802836,
          1.0700312630963464,
          1.4351908350648233,
          1.7951366452618465,
          1.0471429772578686,
          1.2251409309678782,
          1.477413966878879,
          0.9849122277783967,
          1.1977280896970788,
          1.1033362255876396,
          1.6088996415151875,
          0.8776992272065811
        ],
        "B": [
          0.5283454570649883,
          0.3583762871045554,
          0.4337207062138312,
          0.10243516942379033,
          0.8243710561003857,
          0.14883594100730474,
          0.5309843769739431,
          0.6986565265710343,
          0.904227392587984,
          1.0347314973678243,
          1.1367507560684122,
          0.5533657987273941
        ]
      },
      "lam=100": {
        "A": [
          0.8059413784802025,
          0.9743855069886825,
          1.5030762070077393,
          1.6717341327524036,
          1.078005941938492,
          1.187787038263891,
          1.4115258198326581,
          0.9638805336617104,
          1.1652516349809108,
          1.1022169143749323,
          1.5777411070864065,
          0.8648216115421391
        ],
        "B": [
          0.5386836257751827,
          0.5532391404525798,
          0.4153521511240832,
          0.12944462264878362,
          0.8271563639977227,
          0.16030582165436072,
          0.5523923592847682,
          0.6181458130613684,
          0.978496918245623,
          1.0389114496070468,
          1.1442427682655056,
          0.5536637222669594
        ]
      },
      "lam=200": {
        "A": [
          0.7898506912475709,
          0.9117450176528484,
          1.4513080625440444,
          1.5083027634530584,
          1.086001973842319,
          1.14926500906311,
          1.2808630331662822,
          0.9493514645798341,
          1.1614194444500263,
          1.098441025724035,
          1.5556130979972083,
          0.8294569104407301
        ],
        "B": [
          0.5646193792547876,
          0.558404172618093,
          0.4335102728789792,
          0.1725161992974347,
          0.8399376854773939,
          0.17498216709154793,
          0.5812185493948522,
          0.5833948074005822,
          0.9927664831175863,
          1.0463319783838505,
          1.1518677718506214,
          0.553456010918741
        ]
      },
      "lam=500": {
        "A": [
          0.7822002210277674,
          0.8744769351521765,
          1.3222987846098193,
          1.2933142051407132,
          0.9180545138735243,
          1.0023033217336903,
          1.1104056816580283,
          0.9266467760737016,
          1.1531013310234053,
          1.097619862624891,
          1.4986810394650438,
          0.7790926656489612
        ],
        "B": [
          0.5762687154771063,
          0.5614680082016502,
          0.4862278516917239,
          0.238951235287757,
          0.8753813348820794,
          0.2299544257277708,
          0.6369779026673564,
          0.589231404825981,
          1.0103234710831188,
          1.047598040245315,
          1.158523047602207,
          0.5679628070194679
        ]
      },
      "lam=1000": {
        "A": [
          0.7793336176253516,
          0.795447478985893,
          1.1506848982600575,
          1.0646196236098788,
          0.8731703349831775,
          0.9351787926623097,
          1.185237493625706,
          0.9144105505606502,
          1.147170686199242,
          1.0961801912026083,
          1.3855610560596943,
          0.634927117217133
        ],
        "B": [
          0.6095976158506421,
          0.5671406476784084,
          0.6322520108246297,
          0.3357085885581046,
          0.8818290280915845,
          0.2754297018882734,
          0.7692752601996147,
          0.5902982086263839,
          1.0199991519472307,
          1.0505052717674475,
          1.1734347056566903,
          0.5868467789596923
        ]
      }
    },
    "imp_gated_dir": {
      "lam=20": {
        "A": [
          0.8472789266279102,
          1.1405905329926416,
          1.148046803333345,
          1.8778125730253585,
          0.8695385557379169,
          1.2784389246957977,
          1.5645227421782206,
          0.975683168049719,
          1.2138842400150087,
          1.106019374704343,
          1.0828118494503105,
          0.8545286073748452
        ],